-- =============================================================
-- Example Tenant Seed
-- Idempotent: safe to run multiple times (ON CONFLICT DO NOTHING)
-- Run via: make seed  (from api/ directory)
-- =============================================================

-- UUIDs used in this seed:
-- platform user: c1000000-0000-0000-0000-000000000001
-- tenant:        a1000000-0000-0000-0000-000000000001
-- branding:      a2000000-0000-0000-0000-000000000001
-- settings:      a3000000-0000-0000-0000-000000000001
-- user admin:    a4000000-0000-0000-0000-000000000001
-- user staff:    a4000000-0000-0000-0000-000000000002
-- service 1:     a5000000-0000-0000-0000-000000000001
-- service 2:     a5000000-0000-0000-0000-000000000002
-- service 3:     a5000000-0000-0000-0000-000000000003
-- staff_svc 1:   a6000000-0000-0000-0000-000000000001
-- staff_svc 2:   a6000000-0000-0000-0000-000000000002
-- staff_svc 3:   a6000000-0000-0000-0000-000000000003
-- review 1:      e1000000-0000-0000-0000-000000000001
-- review 2:      e1000000-0000-0000-0000-000000000002
-- review 3:      e1000000-0000-0000-0000-000000000003
-- time_off 1:    ae000000-0000-0000-0000-000000000001  (Mehmet leave)
-- time_off 2:    ae000000-0000-0000-0000-000000000002  (Mehmet holiday)
-- time_off 3:    ae000000-0000-0000-0000-000000000003  (Ali leave)
-- time_off 4:    ae000000-0000-0000-0000-000000000004  (Ali holiday)
-- wallet 1:      f1000000-0000-0000-0000-000000000001
-- loy_txn 1:     f2000000-0000-0000-0000-000000000001
-- loy_txn 2:     f2000000-0000-0000-0000-000000000002

-- 1. Tenant
INSERT INTO tenants (id, name, slug, phone_number, address, status, timezone)
VALUES (
  'a1000000-0000-0000-0000-000000000001',
  'Berber Ali',
  'berber-ali',
  '+905321234567',
  'Bağcılar, İstanbul',
  'active',
  'Europe/Istanbul'
) ON CONFLICT DO NOTHING;

-- 2. Branding
INSERT INTO tenant_brandings (id, tenant_id, logo_url, primary_color, secondary_color, tertiary_color)
VALUES (
  'a2000000-0000-0000-0000-000000000001',
  'a1000000-0000-0000-0000-000000000001',
  'https://placehold.co/200x200?text=BA',
  '#2D3142',
  '#EF8C45',
  '#FFFFFF'
) ON CONFLICT DO NOTHING;

-- 3. Settings
INSERT INTO tenant_settings (id, tenant_id, notification_reminder_hours, cancellation_limit_hours, loyalty_enabled, walk_in_enabled, same_day_booking_enabled, max_weekly_customer_bookings)
VALUES (
  'a3000000-0000-0000-0000-000000000001',
  'a1000000-0000-0000-0000-000000000001',
  24,
  1,
  true,
  true,
  true,
  2
) ON CONFLICT DO NOTHING;

-- 3b. Notification Settings
INSERT INTO notification_settings (id, tenant_id, appointment_reminder_enabled, reminder_offset_minutes, send_to_customer, send_to_staff, is_active)
VALUES (
  'a3000000-0000-0000-0000-000000000002',
  'a1000000-0000-0000-0000-000000000001',
  true,
  120,
  true,
  false,
  true
) ON CONFLICT DO NOTHING;

-- 4. Tenant Users
-- Password for both: Test1234!  (bcrypt $2y$10$...)
INSERT INTO tenant_users (id, tenant_id, email, password_hash, first_name, last_name, role, status)
VALUES
  (
    'a4000000-0000-0000-0000-000000000001',
    'a1000000-0000-0000-0000-000000000001',
    'ali@berberali.com',
    '$2y$10$uANeEQ4XqYhP4ocbaK9L6.2QN2vDj8jFaqL61eeliwDzcfSw6wC0i',
    'Ali',
    'Yılmaz',
    'admin',
    'active'
  ),
  (
    'a4000000-0000-0000-0000-000000000002',
    'a1000000-0000-0000-0000-000000000001',
    'mehmet@berberali.com',
    '$2y$10$uANeEQ4XqYhP4ocbaK9L6.2QN2vDj8jFaqL61eeliwDzcfSw6wC0i',
    'Mehmet',
    'Kaya',
    'staff',
    'active'
  )
ON CONFLICT DO NOTHING;

-- 5. Services
INSERT INTO services (id, tenant_id, name, description, duration_minutes, base_price, points_reward, category_name, is_active)
VALUES
  (
    'a5000000-0000-0000-0000-000000000001',
    'a1000000-0000-0000-0000-000000000001',
    'Haircut',
    'Classic haircut with scissors or clippers',
    30,
    150.00,
    10,
    'Hair',
    true
  ),
  (
    'a5000000-0000-0000-0000-000000000002',
    'a1000000-0000-0000-0000-000000000001',
    'Beard Trim',
    'Beard shaping and trim',
    20,
    100.00,
    7,
    'Beard',
    true
  ),
  (
    'a5000000-0000-0000-0000-000000000003',
    'a1000000-0000-0000-0000-000000000001',
    'Hair + Beard',
    'Full haircut and beard trim combo',
    45,
    220.00,
    15,
    'Combo',
    true
  )
ON CONFLICT DO NOTHING;

-- 6. Staff Services (Mehmet offers all 3 services)
INSERT INTO staff_services (id, tenant_id, staff_user_id, service_id, custom_price, is_active)
VALUES
  (
    'a6000000-0000-0000-0000-000000000001',
    'a1000000-0000-0000-0000-000000000001',
    'a4000000-0000-0000-0000-000000000002',
    'a5000000-0000-0000-0000-000000000001',
    NULL,
    true
  ),
  (
    'a6000000-0000-0000-0000-000000000002',
    'a1000000-0000-0000-0000-000000000001',
    'a4000000-0000-0000-0000-000000000002',
    'a5000000-0000-0000-0000-000000000002',
    NULL,
    true
  ),
  (
    'a6000000-0000-0000-0000-000000000003',
    'a1000000-0000-0000-0000-000000000001',
    'a4000000-0000-0000-0000-000000000002',
    'a5000000-0000-0000-0000-000000000003',
    NULL,
    true
  )
ON CONFLICT DO NOTHING;

-- 7. Customers
-- customer 1:    b1000000-0000-0000-0000-000000000001
-- customer 2:    b1000000-0000-0000-0000-000000000002
-- customer 3:    b1000000-0000-0000-0000-000000000003
-- customer 4:    b1000000-0000-0000-0000-000000000004
INSERT INTO customers (id, tenant_id, phone_number, first_name, last_name, status)
VALUES
  (
    'b1000000-0000-0000-0000-000000000001',
    'a1000000-0000-0000-0000-000000000001',
    '905301112233',
    'Ahmet',
    'Demir',
    'active'
  ),
  (
    'b1000000-0000-0000-0000-000000000002',
    'a1000000-0000-0000-0000-000000000001',
    '905302223344',
    'Burak',
    'Şahin',
    'active'
  ),
  (
    'b1000000-0000-0000-0000-000000000003',
    'a1000000-0000-0000-0000-000000000001',
    '905303334455',
    'Can',
    'Arslan',
    'active'
  ),
  (
    'b1000000-0000-0000-0000-000000000004',
    'a1000000-0000-0000-0000-000000000001',
    '905304445566',
    'Deniz',
    'Çelik',
    'active'
  )
ON CONFLICT DO NOTHING;

-- 8. Staff Schedule Rules
-- Mehmet (staff): Mon–Sat 09:00–18:00, 30-min slots, Sunday off
-- rule mon: c1000000-0000-0000-0000-000000000001
-- rule tue: c1000000-0000-0000-0000-000000000002
-- rule wed: c1000000-0000-0000-0000-000000000003
-- rule thu: c1000000-0000-0000-0000-000000000004
-- rule fri: c1000000-0000-0000-0000-000000000005
-- rule sat: c1000000-0000-0000-0000-000000000006
-- rule sun: c1000000-0000-0000-0000-000000000007
-- Ali (admin): Mon–Fri 10:00–19:00, 30-min slots, Sat–Sun off
-- rule mon: c1000000-0000-0000-0000-000000000011
-- rule tue: c1000000-0000-0000-0000-000000000012
-- rule wed: c1000000-0000-0000-0000-000000000013
-- rule thu: c1000000-0000-0000-0000-000000000014
-- rule fri: c1000000-0000-0000-0000-000000000015
-- rule sat: c1000000-0000-0000-0000-000000000016
-- rule sun: c1000000-0000-0000-0000-000000000017
INSERT INTO staff_schedule_rules (id, tenant_id, staff_user_id, day_of_week, start_time, end_time, slot_interval_minutes, is_working_day)
VALUES
  -- Mehmet (Mon–Sat working, Sun off)
  ('c1000000-0000-0000-0000-000000000001', 'a1000000-0000-0000-0000-000000000001', 'a4000000-0000-0000-0000-000000000002', 1, '06:00', '15:00', 30, true),
  ('c1000000-0000-0000-0000-000000000002', 'a1000000-0000-0000-0000-000000000001', 'a4000000-0000-0000-0000-000000000002', 2, '06:00', '15:00', 30, true),
  ('c1000000-0000-0000-0000-000000000003', 'a1000000-0000-0000-0000-000000000001', 'a4000000-0000-0000-0000-000000000002', 3, '06:00', '15:00', 30, true),
  ('c1000000-0000-0000-0000-000000000004', 'a1000000-0000-0000-0000-000000000001', 'a4000000-0000-0000-0000-000000000002', 4, '06:00', '15:00', 30, true),
  ('c1000000-0000-0000-0000-000000000005', 'a1000000-0000-0000-0000-000000000001', 'a4000000-0000-0000-0000-000000000002', 5, '06:00', '15:00', 30, true),
  ('c1000000-0000-0000-0000-000000000006', 'a1000000-0000-0000-0000-000000000001', 'a4000000-0000-0000-0000-000000000002', 6, '06:00', '15:00', 30, true),
  ('c1000000-0000-0000-0000-000000000007', 'a1000000-0000-0000-0000-000000000001', 'a4000000-0000-0000-0000-000000000002', 0, '06:00', '15:00', 30, false),
  -- Ali (Mon–Fri working, Sat–Sun off)
  ('c1000000-0000-0000-0000-000000000011', 'a1000000-0000-0000-0000-000000000001', 'a4000000-0000-0000-0000-000000000001', 1, '07:00', '16:00', 30, true),
  ('c1000000-0000-0000-0000-000000000012', 'a1000000-0000-0000-0000-000000000001', 'a4000000-0000-0000-0000-000000000001', 2, '07:00', '16:00', 30, true),
  ('c1000000-0000-0000-0000-000000000013', 'a1000000-0000-0000-0000-000000000001', 'a4000000-0000-0000-0000-000000000001', 3, '07:00', '16:00', 30, true),
  ('c1000000-0000-0000-0000-000000000014', 'a1000000-0000-0000-0000-000000000001', 'a4000000-0000-0000-0000-000000000001', 4, '07:00', '16:00', 30, true),
  ('c1000000-0000-0000-0000-000000000015', 'a1000000-0000-0000-0000-000000000001', 'a4000000-0000-0000-0000-000000000001', 5, '07:00', '16:00', 30, true),
  ('c1000000-0000-0000-0000-000000000016', 'a1000000-0000-0000-0000-000000000001', 'a4000000-0000-0000-0000-000000000001', 6, '07:00', '16:00', 30, false),
  ('c1000000-0000-0000-0000-000000000017', 'a1000000-0000-0000-0000-000000000001', 'a4000000-0000-0000-0000-000000000001', 0, '07:00', '16:00', 30, false)
ON CONFLICT DO NOTHING;

-- 9. Appointments
-- All timestamps are UTC. Schedule rules are parsed as UTC (09:00 UTC = working start).
--
-- appt 1: 2026-04-01 Ahmet   Haircut      09:00–09:30  completed + paid  (Tue, past)
-- appt 2: 2026-04-02 Burak   Beard Trim   09:00–09:20  completed + paid  (Wed, past)
-- appt 3: 2026-04-03 Can     Hair+Beard   10:00–10:45  completed + paid  (Thu, past)
-- appt 4: 2026-04-04 Deniz   Haircut      11:00–11:30  confirmed         (Sat)
-- appt 5: 2026-04-07 Ahmet   Beard Trim   09:00–09:20  confirmed         (Tue)
INSERT INTO appointments (id, tenant_id, customer_id, staff_user_id, starts_at, ends_at, status, created_via, completed_at)
VALUES
  (
    'd1000000-0000-0000-0000-000000000001',
    'a1000000-0000-0000-0000-000000000001',
    'b1000000-0000-0000-0000-000000000001',
    'a4000000-0000-0000-0000-000000000002',
    '2026-04-01 06:00:00+00',
    '2026-04-01 06:30:00+00',
    'completed',
    'customer_app',
    '2026-04-01 06:30:00+00'
  ),
  (
    'd1000000-0000-0000-0000-000000000002',
    'a1000000-0000-0000-0000-000000000001',
    'b1000000-0000-0000-0000-000000000002',
    'a4000000-0000-0000-0000-000000000002',
    '2026-04-02 06:00:00+00',
    '2026-04-02 06:20:00+00',
    'completed',
    'customer_app',
    '2026-04-02 06:20:00+00'
  ),
  (
    'd1000000-0000-0000-0000-000000000003',
    'a1000000-0000-0000-0000-000000000001',
    'b1000000-0000-0000-0000-000000000003',
    'a4000000-0000-0000-0000-000000000002',
    '2026-04-03 07:00:00+00',
    '2026-04-03 07:45:00+00',
    'completed',
    'customer_app',
    '2026-04-03 07:45:00+00'
  ),
  (
    'd1000000-0000-0000-0000-000000000004',
    'a1000000-0000-0000-0000-000000000001',
    'b1000000-0000-0000-0000-000000000004',
    'a4000000-0000-0000-0000-000000000002',
    '2026-04-04 08:00:00+00',
    '2026-04-04 08:30:00+00',
    'confirmed',
    'customer_app',
    NULL
  ),
  (
    'd1000000-0000-0000-0000-000000000005',
    'a1000000-0000-0000-0000-000000000001',
    'b1000000-0000-0000-0000-000000000001',
    'a4000000-0000-0000-0000-000000000002',
    '2026-04-07 06:00:00+00',
    '2026-04-07 06:20:00+00',
    'confirmed',
    'customer_app',
    NULL
  )
ON CONFLICT DO NOTHING;

-- 10. Appointment Services (price/duration snapshots at booking time)
INSERT INTO appointment_services (id, tenant_id, appointment_id, service_id, service_name_snapshot, duration_minutes_snapshot, price_snapshot, points_reward_snapshot)
VALUES
  -- appt 1: Haircut
  ('d2000000-0000-0000-0000-000000000001', 'a1000000-0000-0000-0000-000000000001', 'd1000000-0000-0000-0000-000000000001', 'a5000000-0000-0000-0000-000000000001', 'Haircut',      30, 150.00, 10),
  -- appt 2: Beard Trim
  ('d2000000-0000-0000-0000-000000000002', 'a1000000-0000-0000-0000-000000000001', 'd1000000-0000-0000-0000-000000000002', 'a5000000-0000-0000-0000-000000000002', 'Beard Trim',   20, 100.00,  7),
  -- appt 3: Hair+Beard
  ('d2000000-0000-0000-0000-000000000003', 'a1000000-0000-0000-0000-000000000001', 'd1000000-0000-0000-0000-000000000003', 'a5000000-0000-0000-0000-000000000003', 'Hair + Beard', 45, 220.00, 15),
  -- appt 4: Haircut
  ('d2000000-0000-0000-0000-000000000004', 'a1000000-0000-0000-0000-000000000001', 'd1000000-0000-0000-0000-000000000004', 'a5000000-0000-0000-0000-000000000001', 'Haircut',      30, 150.00, 10),
  -- appt 5: Beard Trim
  ('d2000000-0000-0000-0000-000000000005', 'a1000000-0000-0000-0000-000000000001', 'd1000000-0000-0000-0000-000000000005', 'a5000000-0000-0000-0000-000000000002', 'Beard Trim',   20, 100.00,  7)
ON CONFLICT DO NOTHING;

-- 11. Staff Reviews (one per completed appointment)
INSERT INTO staff_reviews (id, tenant_id, appointment_id, customer_id, staff_user_id, rating, comment, is_anonymous, created_at)
VALUES
  -- Ahmet reviewed appt 1 (Haircut) — 5 stars
  (
    'e1000000-0000-0000-0000-000000000001',
    'a1000000-0000-0000-0000-000000000001',
    'd1000000-0000-0000-0000-000000000001',
    'b1000000-0000-0000-0000-000000000001',
    'a4000000-0000-0000-0000-000000000002',
    5,
    'Mehmet usta harika bir iş çıkardı, kesinlikle tavsiye ederim!',
    false,
    '2026-04-01 07:00:00+00'
  ),
  -- Burak reviewed appt 2 (Beard Trim) — 4 stars, anonymous
  (
    'e1000000-0000-0000-0000-000000000002',
    'a1000000-0000-0000-0000-000000000001',
    'd1000000-0000-0000-0000-000000000002',
    'b1000000-0000-0000-0000-000000000002',
    'a4000000-0000-0000-0000-000000000002',
    4,
    'Sakal düzgün kesildi, biraz beklettiler ama sonuç güzel.',
    true,
    '2026-04-02 09:00:00+00'
  ),
  -- Can reviewed appt 3 (Hair+Beard) — 5 stars, no comment
  (
    'e1000000-0000-0000-0000-000000000003',
    'a1000000-0000-0000-0000-000000000001',
    'd1000000-0000-0000-0000-000000000003',
    'b1000000-0000-0000-0000-000000000003',
    'a4000000-0000-0000-0000-000000000002',
    5,
    NULL,
    false,
    '2026-04-03 11:30:00+00'
  )
ON CONFLICT DO NOTHING;

-- 12. Loyalty Wallet & Transactions (Ahmet — 150 points)
INSERT INTO loyalty_wallets (id, tenant_id, customer_id, current_points, lifetime_earned_points, lifetime_spent_points, updated_at)
VALUES (
  'f1000000-0000-0000-0000-000000000001',
  'a1000000-0000-0000-0000-000000000001',
  'b1000000-0000-0000-0000-000000000001',
  150,
  150,
  0,
  '2026-04-01 07:00:00+00'
) ON CONFLICT DO NOTHING;

INSERT INTO loyalty_transactions (id, tenant_id, customer_id, appointment_id, type, points, balance_after, reason, expires_at, created_by_type, created_by_id, created_at)
VALUES
  -- earned 10 pts from completed Haircut (appt 1)
  (
    'f2000000-0000-0000-0000-000000000001',
    'a1000000-0000-0000-0000-000000000001',
    'b1000000-0000-0000-0000-000000000001',
    'd1000000-0000-0000-0000-000000000001',
    'earn',
    10,
    10,
    'Points earned from appointment',
    NULL,
    'system',
    NULL,
    '2026-04-01 06:30:00+00'
  ),
  -- admin adjustment +140 pts (welcome bonus)
  (
    'f2000000-0000-0000-0000-000000000002',
    'a1000000-0000-0000-0000-000000000001',
    'b1000000-0000-0000-0000-000000000001',
    NULL,
    'adjust',
    140,
    150,
    'Welcome bonus',
    NULL,
    'admin',
    'a4000000-0000-0000-0000-000000000001',
    '2026-04-01 07:00:00+00'
  )
ON CONFLICT DO NOTHING;

-- 13. Staff Time Offs
INSERT INTO staff_time_offs (id, tenant_id, staff_user_id, start_at, end_at, reason, type)
VALUES
  -- Mehmet: personal leave Apr 10–11 (local midnight UTC+3 = 21:00+00 prev day)
  (
    'ae000000-0000-0000-0000-000000000001',
    'a1000000-0000-0000-0000-000000000001',
    'a4000000-0000-0000-0000-000000000002',
    '2026-04-09 06:00:00+00',
    '2026-04-11 15:00:00+00',
    'Kişisel izin',
    'leave'
  ),
  -- Mehmet: national holiday Apr 23
  (
    'ae000000-0000-0000-0000-000000000002',
    'a1000000-0000-0000-0000-000000000001',
    'a4000000-0000-0000-0000-000000000002',
    '2026-04-22 06:00:00+00',
    '2026-04-23 15:00:00+00',
    '23 Nisan Ulusal Egemenlik ve Çocuk Bayramı',
    'holiday'
  ),
  -- Ali: personal leave Apr 14–16
  (
    'ae000000-0000-0000-0000-000000000003',
    'a1000000-0000-0000-0000-000000000001',
    'a4000000-0000-0000-0000-000000000001',
    '2026-04-13 06:00:00+00',
    '2026-04-16 15:00:00+00',
    'Aile ziyareti',
    'leave'
  ),
  -- Ali: national holiday Apr 23
  (
    'ae000000-0000-0000-0000-000000000004',
    'a1000000-0000-0000-0000-000000000001',
    'a4000000-0000-0000-0000-000000000001',
    '2026-04-22 06:00:00+00',
    '2026-04-23 15:00:00+00',
    '23 Nisan Ulusal Egemenlik ve Çocuk Bayramı',
    'holiday'
  )
ON CONFLICT DO NOTHING;

-- =============================================================
-- Analytics Test Data
-- Realistic appointment data spanning March + April 2026
-- for period-over-period comparisons (no-show rate change, etc.)
-- =============================================================

-- 14. Additional Customers
INSERT INTO customers (id, tenant_id, phone_number, first_name, last_name, status)
VALUES
  ('b1000000-0000-0000-0000-000000000005', 'a1000000-0000-0000-0000-000000000001', '905305556677', 'Emre',   'Koç',      'active'),
  ('b1000000-0000-0000-0000-000000000006', 'a1000000-0000-0000-0000-000000000001', '905306667788', 'Fatih',  'Öztürk',   'active'),
  ('b1000000-0000-0000-0000-000000000007', 'a1000000-0000-0000-0000-000000000001', '905307778899', 'Gökhan', 'Aydın',    'active'),
  ('b1000000-0000-0000-0000-000000000008', 'a1000000-0000-0000-0000-000000000001', '905308889900', 'Hakan',  'Yıldırım', 'active')
ON CONFLICT DO NOTHING;

-- 15. Ali Staff Services (Ali also offers all 3 services)
INSERT INTO staff_services (id, tenant_id, staff_user_id, service_id, custom_price, is_active)
VALUES
  ('a6000000-0000-0000-0000-000000000011', 'a1000000-0000-0000-0000-000000000001', 'a4000000-0000-0000-0000-000000000001', 'a5000000-0000-0000-0000-000000000001', NULL, true),
  ('a6000000-0000-0000-0000-000000000012', 'a1000000-0000-0000-0000-000000000001', 'a4000000-0000-0000-0000-000000000001', 'a5000000-0000-0000-0000-000000000002', NULL, true),
  ('a6000000-0000-0000-0000-000000000013', 'a1000000-0000-0000-0000-000000000001', 'a4000000-0000-0000-0000-000000000001', 'a5000000-0000-0000-0000-000000000003', NULL, true)
ON CONFLICT DO NOTHING;

-- ══════════════════════════════════════════════════════════════
-- MARCH 2026 — Previous month (for period-over-period comparison)
-- 15 appointments: 10 completed, 2 cancelled, 3 no_show
-- No-show rate: 3/15 = 20%
-- ══════════════════════════════════════════════════════════════

-- 16. March Appointments
INSERT INTO appointments (id, tenant_id, customer_id, staff_user_id, starts_at, ends_at, status, created_via, completed_at, no_show_marked_at, cancellation_reason, cancelled_by_type)
VALUES
  -- Week 1: Mar 2-6 (Mon-Fri)
  ('aa000000-0000-0000-0001-000000000001', 'a1000000-0000-0000-0000-000000000001', 'b1000000-0000-0000-0000-000000000001', 'a4000000-0000-0000-0000-000000000002', '2026-03-02 07:00+00', '2026-03-02 07:30+00', 'completed',        'customer_app', '2026-03-02 07:30+00', NULL, NULL, NULL),
  ('aa000000-0000-0000-0001-000000000002', 'a1000000-0000-0000-0000-000000000001', 'b1000000-0000-0000-0000-000000000002', 'a4000000-0000-0000-0000-000000000002', '2026-03-02 08:00+00', '2026-03-02 08:20+00', 'completed',        'customer_app', '2026-03-02 08:20+00', NULL, NULL, NULL),
  ('aa000000-0000-0000-0001-000000000003', 'a1000000-0000-0000-0000-000000000001', 'b1000000-0000-0000-0000-000000000003', 'a4000000-0000-0000-0000-000000000001', '2026-03-03 08:00+00', '2026-03-03 08:45+00', 'completed',        'customer_app', '2026-03-03 08:45+00', NULL, NULL, NULL),
  ('aa000000-0000-0000-0001-000000000004', 'a1000000-0000-0000-0000-000000000001', 'b1000000-0000-0000-0000-000000000004', 'a4000000-0000-0000-0000-000000000001', '2026-03-04 07:00+00', '2026-03-04 07:30+00', 'no_show',          'customer_app', NULL, '2026-03-04 07:45+00', NULL, NULL),
  ('aa000000-0000-0000-0001-000000000005', 'a1000000-0000-0000-0000-000000000001', 'b1000000-0000-0000-0000-000000000005', 'a4000000-0000-0000-0000-000000000002', '2026-03-05 07:00+00', '2026-03-05 07:30+00', 'completed',        'customer_app', '2026-03-05 07:30+00', NULL, NULL, NULL),

  -- Week 2: Mar 9-13
  ('aa000000-0000-0000-0001-000000000006', 'a1000000-0000-0000-0000-000000000001', 'b1000000-0000-0000-0000-000000000006', 'a4000000-0000-0000-0000-000000000002', '2026-03-09 07:00+00', '2026-03-09 07:20+00', 'completed',        'customer_app', '2026-03-09 07:20+00', NULL, NULL, NULL),
  ('aa000000-0000-0000-0001-000000000007', 'a1000000-0000-0000-0000-000000000001', 'b1000000-0000-0000-0000-000000000007', 'a4000000-0000-0000-0000-000000000001', '2026-03-10 08:00+00', '2026-03-10 08:30+00', 'cancelled',        'customer_app', NULL, NULL, 'Bir işim çıktı', 'customer'),
  ('aa000000-0000-0000-0001-000000000008', 'a1000000-0000-0000-0000-000000000001', 'b1000000-0000-0000-0000-000000000008', 'a4000000-0000-0000-0000-000000000002', '2026-03-11 07:00+00', '2026-03-11 07:45+00', 'completed',        'customer_app', '2026-03-11 07:45+00', NULL, NULL, NULL),
  ('aa000000-0000-0000-0001-000000000009', 'a1000000-0000-0000-0000-000000000001', 'b1000000-0000-0000-0000-000000000001', 'a4000000-0000-0000-0000-000000000001', '2026-03-12 08:00+00', '2026-03-12 08:20+00', 'no_show',          'customer_app', NULL, '2026-03-12 08:30+00', NULL, NULL),
  ('aa000000-0000-0000-0001-000000000010', 'a1000000-0000-0000-0000-000000000001', 'b1000000-0000-0000-0000-000000000002', 'a4000000-0000-0000-0000-000000000002', '2026-03-13 07:00+00', '2026-03-13 07:30+00', 'completed',        'customer_app', '2026-03-13 07:30+00', NULL, NULL, NULL),

  -- Week 3: Mar 16-20
  ('aa000000-0000-0000-0001-000000000011', 'a1000000-0000-0000-0000-000000000001', 'b1000000-0000-0000-0000-000000000003', 'a4000000-0000-0000-0000-000000000002', '2026-03-16 07:00+00', '2026-03-16 07:30+00', 'completed',        'customer_app', '2026-03-16 07:30+00', NULL, NULL, NULL),
  ('aa000000-0000-0000-0001-000000000012', 'a1000000-0000-0000-0000-000000000001', 'b1000000-0000-0000-0000-000000000005', 'a4000000-0000-0000-0000-000000000001', '2026-03-18 08:00+00', '2026-03-18 08:45+00', 'completed',        'walk_in',      '2026-03-18 08:45+00', NULL, NULL, NULL),
  ('aa000000-0000-0000-0001-000000000013', 'a1000000-0000-0000-0000-000000000001', 'b1000000-0000-0000-0000-000000000006', 'a4000000-0000-0000-0000-000000000002', '2026-03-19 07:00+00', '2026-03-19 07:20+00', 'no_show',          'customer_app', NULL, '2026-03-19 07:30+00', NULL, NULL),

  -- Week 4: Mar 23-27
  ('aa000000-0000-0000-0001-000000000014', 'a1000000-0000-0000-0000-000000000001', 'b1000000-0000-0000-0000-000000000004', 'a4000000-0000-0000-0000-000000000001', '2026-03-24 08:00+00', '2026-03-24 08:30+00', 'completed',        'customer_app', '2026-03-24 08:30+00', NULL, NULL, NULL),
  ('aa000000-0000-0000-0001-000000000015', 'a1000000-0000-0000-0000-000000000001', 'b1000000-0000-0000-0000-000000000007', 'a4000000-0000-0000-0000-000000000002', '2026-03-26 07:00+00', '2026-03-26 07:30+00', 'cancelled',        'customer_app', NULL, NULL, 'Randevuyu iptal ediyorum', 'customer')
ON CONFLICT DO NOTHING;

-- 17. March Appointment Services
INSERT INTO appointment_services (id, tenant_id, appointment_id, service_id, service_name_snapshot, duration_minutes_snapshot, price_snapshot, points_reward_snapshot)
VALUES
  ('ab000000-0000-0000-0001-000000000001', 'a1000000-0000-0000-0000-000000000001', 'aa000000-0000-0000-0001-000000000001', 'a5000000-0000-0000-0000-000000000001', 'Haircut',      30, 150.00, 10),
  ('ab000000-0000-0000-0001-000000000002', 'a1000000-0000-0000-0000-000000000001', 'aa000000-0000-0000-0001-000000000002', 'a5000000-0000-0000-0000-000000000002', 'Beard Trim',   20, 100.00,  7),
  ('ab000000-0000-0000-0001-000000000003', 'a1000000-0000-0000-0000-000000000001', 'aa000000-0000-0000-0001-000000000003', 'a5000000-0000-0000-0000-000000000003', 'Hair + Beard', 45, 220.00, 15),
  ('ab000000-0000-0000-0001-000000000004', 'a1000000-0000-0000-0000-000000000001', 'aa000000-0000-0000-0001-000000000004', 'a5000000-0000-0000-0000-000000000001', 'Haircut',      30, 150.00, 10),
  ('ab000000-0000-0000-0001-000000000005', 'a1000000-0000-0000-0000-000000000001', 'aa000000-0000-0000-0001-000000000005', 'a5000000-0000-0000-0000-000000000001', 'Haircut',      30, 150.00, 10),
  ('ab000000-0000-0000-0001-000000000006', 'a1000000-0000-0000-0000-000000000001', 'aa000000-0000-0000-0001-000000000006', 'a5000000-0000-0000-0000-000000000002', 'Beard Trim',   20, 100.00,  7),
  ('ab000000-0000-0000-0001-000000000007', 'a1000000-0000-0000-0000-000000000001', 'aa000000-0000-0000-0001-000000000007', 'a5000000-0000-0000-0000-000000000001', 'Haircut',      30, 150.00, 10),
  ('ab000000-0000-0000-0001-000000000008', 'a1000000-0000-0000-0000-000000000001', 'aa000000-0000-0000-0001-000000000008', 'a5000000-0000-0000-0000-000000000003', 'Hair + Beard', 45, 220.00, 15),
  ('ab000000-0000-0000-0001-000000000009', 'a1000000-0000-0000-0000-000000000001', 'aa000000-0000-0000-0001-000000000009', 'a5000000-0000-0000-0000-000000000002', 'Beard Trim',   20, 100.00,  7),
  ('ab000000-0000-0000-0001-000000000010', 'a1000000-0000-0000-0000-000000000001', 'aa000000-0000-0000-0001-000000000010', 'a5000000-0000-0000-0000-000000000001', 'Haircut',      30, 150.00, 10),
  ('ab000000-0000-0000-0001-000000000011', 'a1000000-0000-0000-0000-000000000001', 'aa000000-0000-0000-0001-000000000011', 'a5000000-0000-0000-0000-000000000001', 'Haircut',      30, 150.00, 10),
  ('ab000000-0000-0000-0001-000000000012', 'a1000000-0000-0000-0000-000000000001', 'aa000000-0000-0000-0001-000000000012', 'a5000000-0000-0000-0000-000000000003', 'Hair + Beard', 45, 220.00, 15),
  ('ab000000-0000-0000-0001-000000000013', 'a1000000-0000-0000-0000-000000000001', 'aa000000-0000-0000-0001-000000000013', 'a5000000-0000-0000-0000-000000000002', 'Beard Trim',   20, 100.00,  7),
  ('ab000000-0000-0000-0001-000000000014', 'a1000000-0000-0000-0000-000000000001', 'aa000000-0000-0000-0001-000000000014', 'a5000000-0000-0000-0000-000000000001', 'Haircut',      30, 150.00, 10),
  ('ab000000-0000-0000-0001-000000000015', 'a1000000-0000-0000-0000-000000000001', 'aa000000-0000-0000-0001-000000000015', 'a5000000-0000-0000-0000-000000000001', 'Haircut',      30, 150.00, 10)
ON CONFLICT DO NOTHING;

-- 18. March Loyalty Wallets & Transactions
INSERT INTO loyalty_wallets (id, tenant_id, customer_id, current_points, lifetime_earned_points, lifetime_spent_points, updated_at)
VALUES
  ('f1000000-0000-0000-0000-000000000002', 'a1000000-0000-0000-0000-000000000001', 'b1000000-0000-0000-0000-000000000002', 17, 17, 0, '2026-03-13 07:30+00'),
  ('f1000000-0000-0000-0000-000000000003', 'a1000000-0000-0000-0000-000000000001', 'b1000000-0000-0000-0000-000000000003', 25, 25, 0, '2026-03-16 07:30+00'),
  ('f1000000-0000-0000-0000-000000000005', 'a1000000-0000-0000-0000-000000000001', 'b1000000-0000-0000-0000-000000000005', 25, 25, 0, '2026-03-18 08:45+00'),
  ('f1000000-0000-0000-0000-000000000006', 'a1000000-0000-0000-0000-000000000001', 'b1000000-0000-0000-0000-000000000006',  7,  7, 0, '2026-03-09 07:20+00'),
  ('f1000000-0000-0000-0000-000000000008', 'a1000000-0000-0000-0000-000000000001', 'b1000000-0000-0000-0000-000000000008', 15, 15, 0, '2026-03-11 07:45+00')
ON CONFLICT DO NOTHING;

INSERT INTO loyalty_transactions (id, tenant_id, customer_id, appointment_id, type, points, balance_after, reason, expires_at, created_by_type, created_by_id, created_at)
VALUES
  ('f2000000-0000-0000-0001-000000000001', 'a1000000-0000-0000-0000-000000000001', 'b1000000-0000-0000-0000-000000000002', 'aa000000-0000-0000-0001-000000000002', 'earn',  7,  7, 'Points earned from appointment', NULL, 'system', NULL, '2026-03-02 08:20+00'),
  ('f2000000-0000-0000-0001-000000000002', 'a1000000-0000-0000-0000-000000000001', 'b1000000-0000-0000-0000-000000000003', 'aa000000-0000-0000-0001-000000000003', 'earn', 15, 15, 'Points earned from appointment', NULL, 'system', NULL, '2026-03-03 08:45+00'),
  ('f2000000-0000-0000-0001-000000000003', 'a1000000-0000-0000-0000-000000000001', 'b1000000-0000-0000-0000-000000000005', 'aa000000-0000-0000-0001-000000000005', 'earn', 10, 10, 'Points earned from appointment', NULL, 'system', NULL, '2026-03-05 07:30+00'),
  ('f2000000-0000-0000-0001-000000000004', 'a1000000-0000-0000-0000-000000000001', 'b1000000-0000-0000-0000-000000000006', 'aa000000-0000-0000-0001-000000000006', 'earn',  7,  7, 'Points earned from appointment', NULL, 'system', NULL, '2026-03-09 07:20+00'),
  ('f2000000-0000-0000-0001-000000000005', 'a1000000-0000-0000-0000-000000000001', 'b1000000-0000-0000-0000-000000000008', 'aa000000-0000-0000-0001-000000000008', 'earn', 15, 15, 'Points earned from appointment', NULL, 'system', NULL, '2026-03-11 07:45+00'),
  ('f2000000-0000-0000-0001-000000000006', 'a1000000-0000-0000-0000-000000000001', 'b1000000-0000-0000-0000-000000000002', 'aa000000-0000-0000-0001-000000000010', 'earn', 10, 17, 'Points earned from appointment', NULL, 'system', NULL, '2026-03-13 07:30+00'),
  ('f2000000-0000-0000-0001-000000000007', 'a1000000-0000-0000-0000-000000000001', 'b1000000-0000-0000-0000-000000000003', 'aa000000-0000-0000-0001-000000000011', 'earn', 10, 25, 'Points earned from appointment', NULL, 'system', NULL, '2026-03-16 07:30+00'),
  ('f2000000-0000-0000-0001-000000000008', 'a1000000-0000-0000-0000-000000000001', 'b1000000-0000-0000-0000-000000000005', 'aa000000-0000-0000-0001-000000000012', 'earn', 15, 25, 'Points earned from appointment', NULL, 'system', NULL, '2026-03-18 08:45+00'),
  -- One redeem in March
  ('f2000000-0000-0000-0001-000000000009', 'a1000000-0000-0000-0000-000000000001', 'b1000000-0000-0000-0000-000000000001', NULL,                                  'redeem', 50, 100, 'Reward redeemed', NULL, 'system', NULL, '2026-03-20 10:00+00')
ON CONFLICT DO NOTHING;

-- 19. March Reviews
INSERT INTO staff_reviews (id, tenant_id, appointment_id, customer_id, staff_user_id, rating, comment, is_anonymous, created_at)
VALUES
  ('e1000000-0000-0000-0001-000000000001', 'a1000000-0000-0000-0000-000000000001', 'aa000000-0000-0000-0001-000000000001', 'b1000000-0000-0000-0000-000000000001', 'a4000000-0000-0000-0000-000000000002', 4, 'Güzel kesim, teşekkürler.',                 false, '2026-03-02 08:00+00'),
  ('e1000000-0000-0000-0001-000000000002', 'a1000000-0000-0000-0000-000000000001', 'aa000000-0000-0000-0001-000000000003', 'b1000000-0000-0000-0000-000000000003', 'a4000000-0000-0000-0000-000000000001', 5, 'Ali usta çok iyi!',                          false, '2026-03-03 09:00+00'),
  ('e1000000-0000-0000-0001-000000000003', 'a1000000-0000-0000-0000-000000000001', 'aa000000-0000-0000-0001-000000000005', 'b1000000-0000-0000-0000-000000000005', 'a4000000-0000-0000-0000-000000000002', 5, NULL,                                          false, '2026-03-05 08:00+00'),
  ('e1000000-0000-0000-0001-000000000004', 'a1000000-0000-0000-0000-000000000001', 'aa000000-0000-0000-0001-000000000008', 'b1000000-0000-0000-0000-000000000008', 'a4000000-0000-0000-0000-000000000002', 3, 'Biraz acele etti ama idare eder.',           true,  '2026-03-11 09:00+00'),
  ('e1000000-0000-0000-0001-000000000005', 'a1000000-0000-0000-0000-000000000001', 'aa000000-0000-0000-0001-000000000012', 'b1000000-0000-0000-0000-000000000005', 'a4000000-0000-0000-0000-000000000001', 5, 'Her zamanki gibi mükemmel.',                 false, '2026-03-18 09:00+00')
ON CONFLICT DO NOTHING;

-- ══════════════════════════════════════════════════════════════
-- APRIL 2026 — Current month (additional appointments)
-- 15 new appointments on top of the 5 base ones above
-- Total April: 20 appts — 15 completed, 1 no_show, 2 cancelled, 2 confirmed
-- No-show rate: 1/20 = 5% (down from 20% in March → change ~-15%)
-- ══════════════════════════════════════════════════════════════

-- 20. April Appointments (additional)
INSERT INTO appointments (id, tenant_id, customer_id, staff_user_id, starts_at, ends_at, status, created_via, completed_at, no_show_marked_at, cancellation_reason, cancelled_by_type)
VALUES
  -- Apr 1
  ('aa000000-0000-0000-0002-000000000001', 'a1000000-0000-0000-0000-000000000001', 'b1000000-0000-0000-0000-000000000005', 'a4000000-0000-0000-0000-000000000001', '2026-04-01 07:00+00', '2026-04-01 07:30+00', 'completed',  'customer_app', '2026-04-01 07:30+00', NULL, NULL, NULL),
  ('aa000000-0000-0000-0002-000000000002', 'a1000000-0000-0000-0000-000000000001', 'b1000000-0000-0000-0000-000000000006', 'a4000000-0000-0000-0000-000000000001', '2026-04-01 08:00+00', '2026-04-01 08:45+00', 'completed',  'walk_in',      '2026-04-01 08:45+00', NULL, NULL, NULL),
  ('aa000000-0000-0000-0002-000000000003', 'a1000000-0000-0000-0000-000000000001', 'b1000000-0000-0000-0000-000000000007', 'a4000000-0000-0000-0000-000000000002', '2026-04-01 07:00+00', '2026-04-01 07:20+00', 'completed',  'customer_app', '2026-04-01 07:20+00', NULL, NULL, NULL),

  -- Apr 2
  ('aa000000-0000-0000-0002-000000000004', 'a1000000-0000-0000-0000-000000000001', 'b1000000-0000-0000-0000-000000000008', 'a4000000-0000-0000-0000-000000000001', '2026-04-02 07:00+00', '2026-04-02 07:30+00', 'completed',  'customer_app', '2026-04-02 07:30+00', NULL, NULL, NULL),
  ('aa000000-0000-0000-0002-000000000005', 'a1000000-0000-0000-0000-000000000001', 'b1000000-0000-0000-0000-000000000004', 'a4000000-0000-0000-0000-000000000002', '2026-04-02 07:00+00', '2026-04-02 07:45+00', 'cancelled',  'customer_app', NULL, NULL, 'Hasta oldum', 'customer'),

  -- Apr 3
  ('aa000000-0000-0000-0002-000000000006', 'a1000000-0000-0000-0000-000000000001', 'b1000000-0000-0000-0000-000000000001', 'a4000000-0000-0000-0000-000000000001', '2026-04-03 08:00+00', '2026-04-03 08:20+00', 'completed',  'customer_app', '2026-04-03 08:20+00', NULL, NULL, NULL),
  ('aa000000-0000-0000-0002-000000000007', 'a1000000-0000-0000-0000-000000000001', 'b1000000-0000-0000-0000-000000000005', 'a4000000-0000-0000-0000-000000000001', '2026-04-03 09:00+00', '2026-04-03 09:30+00', 'completed',  'walk_in',      '2026-04-03 09:30+00', NULL, NULL, NULL),

  -- Apr 4
  ('aa000000-0000-0000-0002-000000000008', 'a1000000-0000-0000-0000-000000000001', 'b1000000-0000-0000-0000-000000000002', 'a4000000-0000-0000-0000-000000000001', '2026-04-04 07:00+00', '2026-04-04 07:45+00', 'completed',  'customer_app', '2026-04-04 07:45+00', NULL, NULL, NULL),
  ('aa000000-0000-0000-0002-000000000009', 'a1000000-0000-0000-0000-000000000001', 'b1000000-0000-0000-0000-000000000003', 'a4000000-0000-0000-0000-000000000002', '2026-04-04 07:00+00', '2026-04-04 07:30+00', 'no_show',    'customer_app', NULL, '2026-04-04 07:45+00', NULL, NULL),

  -- Apr 5: Saturday
  ('aa000000-0000-0000-0002-000000000010', 'a1000000-0000-0000-0000-000000000001', 'b1000000-0000-0000-0000-000000000006', 'a4000000-0000-0000-0000-000000000002', '2026-04-05 06:00+00', '2026-04-05 06:30+00', 'completed',  'customer_app', '2026-04-05 06:30+00', NULL, NULL, NULL),
  ('aa000000-0000-0000-0002-000000000011', 'a1000000-0000-0000-0000-000000000001', 'b1000000-0000-0000-0000-000000000007', 'a4000000-0000-0000-0000-000000000002', '2026-04-05 07:00+00', '2026-04-05 07:45+00', 'completed',  'walk_in',      '2026-04-05 07:45+00', NULL, NULL, NULL),

  -- Apr 6: Sunday
  ('aa000000-0000-0000-0002-000000000012', 'a1000000-0000-0000-0000-000000000001', 'b1000000-0000-0000-0000-000000000008', 'a4000000-0000-0000-0000-000000000002', '2026-04-06 08:00+00', '2026-04-06 08:30+00', 'cancelled',  'customer_app', NULL, NULL, 'Pazar günü kapalıymış', 'customer'),

  -- Apr 7
  ('aa000000-0000-0000-0002-000000000013', 'a1000000-0000-0000-0000-000000000001', 'b1000000-0000-0000-0000-000000000004', 'a4000000-0000-0000-0000-000000000001', '2026-04-07 07:00+00', '2026-04-07 07:45+00', 'completed',  'customer_app', '2026-04-07 07:45+00', NULL, NULL, NULL),
  ('aa000000-0000-0000-0002-000000000014', 'a1000000-0000-0000-0000-000000000001', 'b1000000-0000-0000-0000-000000000006', 'a4000000-0000-0000-0000-000000000002', '2026-04-07 07:00+00', '2026-04-07 07:20+00', 'completed',  'customer_app', '2026-04-07 07:20+00', NULL, NULL, NULL),
  ('aa000000-0000-0000-0002-000000000015', 'a1000000-0000-0000-0000-000000000001', 'b1000000-0000-0000-0000-000000000008', 'a4000000-0000-0000-0000-000000000001', '2026-04-07 08:00+00', '2026-04-07 08:30+00', 'completed',  'customer_app', '2026-04-07 08:30+00', NULL, NULL, NULL)
ON CONFLICT DO NOTHING;

-- 21. April Appointment Services
INSERT INTO appointment_services (id, tenant_id, appointment_id, service_id, service_name_snapshot, duration_minutes_snapshot, price_snapshot, points_reward_snapshot)
VALUES
  ('ab000000-0000-0000-0002-000000000001', 'a1000000-0000-0000-0000-000000000001', 'aa000000-0000-0000-0002-000000000001', 'a5000000-0000-0000-0000-000000000001', 'Haircut',      30, 150.00, 10),
  ('ab000000-0000-0000-0002-000000000002', 'a1000000-0000-0000-0000-000000000001', 'aa000000-0000-0000-0002-000000000002', 'a5000000-0000-0000-0000-000000000003', 'Hair + Beard', 45, 220.00, 15),
  ('ab000000-0000-0000-0002-000000000003', 'a1000000-0000-0000-0000-000000000001', 'aa000000-0000-0000-0002-000000000003', 'a5000000-0000-0000-0000-000000000002', 'Beard Trim',   20, 100.00,  7),
  ('ab000000-0000-0000-0002-000000000004', 'a1000000-0000-0000-0000-000000000001', 'aa000000-0000-0000-0002-000000000004', 'a5000000-0000-0000-0000-000000000001', 'Haircut',      30, 150.00, 10),
  ('ab000000-0000-0000-0002-000000000005', 'a1000000-0000-0000-0000-000000000001', 'aa000000-0000-0000-0002-000000000005', 'a5000000-0000-0000-0000-000000000003', 'Hair + Beard', 45, 220.00, 15),
  ('ab000000-0000-0000-0002-000000000006', 'a1000000-0000-0000-0000-000000000001', 'aa000000-0000-0000-0002-000000000006', 'a5000000-0000-0000-0000-000000000002', 'Beard Trim',   20, 100.00,  7),
  ('ab000000-0000-0000-0002-000000000007', 'a1000000-0000-0000-0000-000000000001', 'aa000000-0000-0000-0002-000000000007', 'a5000000-0000-0000-0000-000000000001', 'Haircut',      30, 150.00, 10),
  ('ab000000-0000-0000-0002-000000000008', 'a1000000-0000-0000-0000-000000000001', 'aa000000-0000-0000-0002-000000000008', 'a5000000-0000-0000-0000-000000000003', 'Hair + Beard', 45, 220.00, 15),
  ('ab000000-0000-0000-0002-000000000009', 'a1000000-0000-0000-0000-000000000001', 'aa000000-0000-0000-0002-000000000009', 'a5000000-0000-0000-0000-000000000001', 'Haircut',      30, 150.00, 10),
  ('ab000000-0000-0000-0002-000000000010', 'a1000000-0000-0000-0000-000000000001', 'aa000000-0000-0000-0002-000000000010', 'a5000000-0000-0000-0000-000000000001', 'Haircut',      30, 150.00, 10),
  ('ab000000-0000-0000-0002-000000000011', 'a1000000-0000-0000-0000-000000000001', 'aa000000-0000-0000-0002-000000000011', 'a5000000-0000-0000-0000-000000000003', 'Hair + Beard', 45, 220.00, 15),
  ('ab000000-0000-0000-0002-000000000012', 'a1000000-0000-0000-0000-000000000001', 'aa000000-0000-0000-0002-000000000012', 'a5000000-0000-0000-0000-000000000001', 'Haircut',      30, 150.00, 10),
  ('ab000000-0000-0000-0002-000000000013', 'a1000000-0000-0000-0000-000000000001', 'aa000000-0000-0000-0002-000000000013', 'a5000000-0000-0000-0000-000000000003', 'Hair + Beard', 45, 220.00, 15),
  ('ab000000-0000-0000-0002-000000000014', 'a1000000-0000-0000-0000-000000000001', 'aa000000-0000-0000-0002-000000000014', 'a5000000-0000-0000-0000-000000000002', 'Beard Trim',   20, 100.00,  7),
  ('ab000000-0000-0000-0002-000000000015', 'a1000000-0000-0000-0000-000000000001', 'aa000000-0000-0000-0002-000000000015', 'a5000000-0000-0000-0000-000000000001', 'Haircut',      30, 150.00, 10)
ON CONFLICT DO NOTHING;

-- 22. April Loyalty Transactions
INSERT INTO loyalty_transactions (id, tenant_id, customer_id, appointment_id, type, points, balance_after, reason, expires_at, created_by_type, created_by_id, created_at)
VALUES
  ('f2000000-0000-0000-0002-000000000001', 'a1000000-0000-0000-0000-000000000001', 'b1000000-0000-0000-0000-000000000005', 'aa000000-0000-0000-0002-000000000001', 'earn',   10, 35, 'Points earned from appointment', NULL, 'system', NULL, '2026-04-01 07:30+00'),
  ('f2000000-0000-0000-0002-000000000002', 'a1000000-0000-0000-0000-000000000001', 'b1000000-0000-0000-0000-000000000006', 'aa000000-0000-0000-0002-000000000002', 'earn',   15, 22, 'Points earned from appointment', NULL, 'system', NULL, '2026-04-01 08:45+00'),
  ('f2000000-0000-0000-0002-000000000003', 'a1000000-0000-0000-0000-000000000001', 'b1000000-0000-0000-0000-000000000007', 'aa000000-0000-0000-0002-000000000003', 'earn',    7,  7, 'Points earned from appointment', NULL, 'system', NULL, '2026-04-01 07:20+00'),
  ('f2000000-0000-0000-0002-000000000004', 'a1000000-0000-0000-0000-000000000001', 'b1000000-0000-0000-0000-000000000008', 'aa000000-0000-0000-0002-000000000004', 'earn',   10, 25, 'Points earned from appointment', NULL, 'system', NULL, '2026-04-02 07:30+00'),
  ('f2000000-0000-0000-0002-000000000005', 'a1000000-0000-0000-0000-000000000001', 'b1000000-0000-0000-0000-000000000001', 'aa000000-0000-0000-0002-000000000006', 'earn',    7,107, 'Points earned from appointment', NULL, 'system', NULL, '2026-04-03 08:20+00'),
  ('f2000000-0000-0000-0002-000000000006', 'a1000000-0000-0000-0000-000000000001', 'b1000000-0000-0000-0000-000000000002', 'aa000000-0000-0000-0002-000000000008', 'earn',   15, 32, 'Points earned from appointment', NULL, 'system', NULL, '2026-04-04 07:45+00'),
  -- 2 redeems in April (vs 1 in March → +100% change)
  ('f2000000-0000-0000-0002-000000000007', 'a1000000-0000-0000-0000-000000000001', 'b1000000-0000-0000-0000-000000000001', NULL,                                  'redeem', 30,  77, 'Reward redeemed', NULL, 'system', NULL, '2026-04-05 10:00+00'),
  ('f2000000-0000-0000-0002-000000000008', 'a1000000-0000-0000-0000-000000000001', 'b1000000-0000-0000-0000-000000000002', NULL,                                  'redeem', 15,  17, 'Reward redeemed', NULL, 'system', NULL, '2026-04-06 12:00+00')
ON CONFLICT DO NOTHING;

-- 23. April Reviews
INSERT INTO staff_reviews (id, tenant_id, appointment_id, customer_id, staff_user_id, rating, comment, is_anonymous, created_at)
VALUES
  ('e1000000-0000-0000-0002-000000000001', 'a1000000-0000-0000-0000-000000000001', 'aa000000-0000-0000-0002-000000000001', 'b1000000-0000-0000-0000-000000000005', 'a4000000-0000-0000-0000-000000000001', 5, 'Ali usta harika!',                     false, '2026-04-01 08:00+00'),
  ('e1000000-0000-0000-0002-000000000002', 'a1000000-0000-0000-0000-000000000001', 'aa000000-0000-0000-0002-000000000002', 'b1000000-0000-0000-0000-000000000006', 'a4000000-0000-0000-0000-000000000001', 4, 'Saç ve sakal çok güzel oldu.',         false, '2026-04-01 09:00+00'),
  ('e1000000-0000-0000-0002-000000000003', 'a1000000-0000-0000-0000-000000000001', 'aa000000-0000-0000-0002-000000000003', 'b1000000-0000-0000-0000-000000000007', 'a4000000-0000-0000-0000-000000000002', 5, NULL,                                   false, '2026-04-01 08:00+00'),
  ('e1000000-0000-0000-0002-000000000004', 'a1000000-0000-0000-0000-000000000001', 'aa000000-0000-0000-0002-000000000004', 'b1000000-0000-0000-0000-000000000008', 'a4000000-0000-0000-0000-000000000001', 4, 'Temiz iş.',                            false, '2026-04-02 08:00+00'),
  ('e1000000-0000-0000-0002-000000000005', 'a1000000-0000-0000-0000-000000000001', 'aa000000-0000-0000-0002-000000000010', 'b1000000-0000-0000-0000-000000000006', 'a4000000-0000-0000-0000-000000000002', 5, 'Mehmet usta her zamanki gibi süper.',   false, '2026-04-05 07:00+00'),
  ('e1000000-0000-0000-0002-000000000006', 'a1000000-0000-0000-0000-000000000001', 'aa000000-0000-0000-0002-000000000011', 'b1000000-0000-0000-0000-000000000007', 'a4000000-0000-0000-0000-000000000002', 4, 'İyi bir deneyimdi.',                   true,  '2026-04-05 08:00+00'),
  ('e1000000-0000-0000-0002-000000000007', 'a1000000-0000-0000-0000-000000000001', 'aa000000-0000-0000-0002-000000000013', 'b1000000-0000-0000-0000-000000000004', 'a4000000-0000-0000-0000-000000000001', 5, 'Mükemmel servis, çok memnunum.',       false, '2026-04-07 08:00+00')
ON CONFLICT DO NOTHING;

-- 24. Update Loyalty Wallet Balances (reflect April transactions)
UPDATE loyalty_wallets SET current_points = 77,  lifetime_earned_points = 167, lifetime_spent_points = 80, updated_at = '2026-04-05 10:00+00' WHERE customer_id = 'b1000000-0000-0000-0000-000000000001';
UPDATE loyalty_wallets SET current_points = 17,  lifetime_earned_points = 32,  lifetime_spent_points = 15, updated_at = '2026-04-06 12:00+00' WHERE customer_id = 'b1000000-0000-0000-0000-000000000002';
UPDATE loyalty_wallets SET current_points = 35,  lifetime_earned_points = 35,  lifetime_spent_points = 0,  updated_at = '2026-04-01 07:30+00' WHERE customer_id = 'b1000000-0000-0000-0000-000000000005';
UPDATE loyalty_wallets SET current_points = 22,  lifetime_earned_points = 22,  lifetime_spent_points = 0,  updated_at = '2026-04-01 08:45+00' WHERE customer_id = 'b1000000-0000-0000-0000-000000000006';

-- 25. Additional Loyalty Wallets
INSERT INTO loyalty_wallets (id, tenant_id, customer_id, current_points, lifetime_earned_points, lifetime_spent_points, updated_at)
VALUES
  ('f1000000-0000-0000-0000-000000000004', 'a1000000-0000-0000-0000-000000000001', 'b1000000-0000-0000-0000-000000000004', 0, 0, 0, '2026-04-07 07:45+00'),
  ('f1000000-0000-0000-0000-000000000007', 'a1000000-0000-0000-0000-000000000001', 'b1000000-0000-0000-0000-000000000007', 7, 7, 0, '2026-04-01 07:20+00')
ON CONFLICT DO NOTHING;

-- Platform user
-- password: 123456
INSERT INTO platform_users (id, email, password_hash, role, status)
VALUES (
  'c1000000-0000-0000-0000-000000000001',
  'safayildirim54@gmail.com',
  '$2a$10$F3Lm3xU7jLFFVnkxiW/.3eXAVX7FLiTFhNyVSOYOicyD0X8jc7d9i',
  'super_admin',
  'active'
)
ON CONFLICT DO NOTHING;
